id,name,description,image
1,Her,Lorem ipsum dolor sit amet consectetur adipisicing elit. At hic fugit similique accusantium.,1.jpeg
2,Star Wars,Lorem ipsum dolor sit amet consectetur adipisicing elit. At hic fugit similique accusantium.,2.jpeg
3,Storm,Lorem ipsum dolor sit amet consectetur adipisicing elit. At hic fugit similique accusantium.,3.jpg
4,1917,Lorem ipsum dolor sit amet consectetur adipisicing elit. At hic fugit similique accusantium.,4.jpg
5,Avengers,Lorem ipsum dolor sit amet consectetur adipisicing elit. At hic fugit similique accusantium.,5.jpg
6,Rampage,Lorem ipsum dolor sit amet consectetur adipisicing elit. At hic fugit similique accusantium.,6.jpg
7,Galaxies,Lorem ipsum dolor sit amet consectetur adipisicing elit. At hic fugit similique accusantium.,7.jpg
8,Oblivion,Lorem ipsum dolor sit amet consectetur adipisicing elit. At hic fugit similique accusantium.,8.jpg
9,Hobbit,Lorem ipsum dolor sit amet consectetur adipisicing elit. At hic fugit similique accusantium.,9.jpg
10,Due Date,Lorem ipsum dolor sit amet consectetur adipisicing elit. At hic fugit similique accusantium.,10.jpg
11,Kick-Ass 2,Lorem ipsum dolor sit amet consectetur adipisicing elit. At hic fugit similique accusantium.,11.jpg
12,The Emoji Movie,Lorem ipsum dolor sit amet consectetur adipisicing elit. At hic fugit similique accusantium.,12.jpg
13,1920,Lorem ipsum dolor sit amet consectetur adipisicing elit. At hic fugit similique accusantium.,13.jpg
14,Paths of Glory,Lorem ipsum dolor sit amet consectetur adipisicing elit. At hic fugit similique accusantium.,14.jpg
15,The Batman Toy,Lorem ipsum dolor sit amet consectetur adipisicing elit. At hic fugit similique accusantium.,15.jpg
16,1920 London,Lorem ipsum dolor sit amet consectetur adipisicing elit. At hic fugit similique accusantium.,16.jpg
17,Aquaman,Lorem ipsum dolor sit amet consectetur adipisicing elit. At hic fugit similique accusantium.,17.jpg
18,Fairy Tail,Lorem ipsum dolor sit amet consectetur adipisicing elit. At hic fugit similique accusantium.,18.jpg
19,Spiderman,Lorem ipsum dolor sit amet consectetur adipisicing elit. At hic fugit similique accusantium.,19.jpg
